image_name,class_name,confidence
09010206.JPG,Moose,0.90436804
09100368.JPG,Moose,0.9014575
09100368.JPG,Moose,0.3035355
PICT1706.JPG,Roe_Deer,0.8288722
PICT1708.JPG,Roe_Deer,0.8904531
PICT1709.JPG,Roe_Deer,0.90226406
PICT1709.JPG,Roe_Deer,0.880218
PICT1713.JPG,Wolf,0.89301014
