image_name,class_name,count,confidence
09010206.JPG,Moose,1,0.9043680429458618
09100368.JPG,Moose,2,0.6024965047836304
PICT1706.JPG,Roe_Deer,1,0.8288722038269043
PICT1708.JPG,Roe_Deer,1,0.8904531002044678
PICT1709.JPG,Roe_Deer,2,0.8912410736083984
PICT1713.JPG,Wolf,1,0.893010139465332
